{
  "navigationBarTitleText": "初识博雅",
  "tabBar": {
    "borderStyle": "#000000",
    "color": "#999999",
    "selectedColor": "#353535",
    "backgroundColor": "#FFFFFF",
    "list": [
      {
        "iconPath": "pages/images/bar/11.png",
        "selectedIconPath": "pages/images/bar/1242.png",
        "text": "初识博雅",
        "pagePath": "pages/logs/logs"
      },
      {
        "pagePath": "pages/index/index",
        "text": "博雅日常",
        "iconPath": "pages/images/bar/41.png",
        "selectedIconPath": "pages/images/bar/1242.png"
      },
      {
        "pagePath": "pages/chat/chat",
        "text": "闲来雅叙",
        "iconPath": "pages/images/bar/41.png",
        "selectedIconPath": "pages/images/bar/1242.png"
      },
      {
        "iconPath": "pages/images/bar/21.png",
        "selectedIconPath": "pages/images/bar/1242.png",
        "text": "zucc文化广场",
        "pagePath": "pages/article07/article07"
      }
    ]
  }
}